"ability_name","ability_text","note","elite","effect_type","params","card_id","status","id","created_date","updated_date","created_by_id","created_by","is_sample"
"Paradoja Arcana","Golpe mágico potente a un objetivo.","Golpe mágico a un rival escalado con su HE: de 15 (HE bajo) a 30 (HE alto).","false","damage_enemy","{""min"":15,""max"":30,""stat"":""he""}","ret","implemented","6a8a377a8f23c2e72ebe7160","2026-08-22T23:57:46.102000","2026-08-22T23:57:46.102000","6a39c9aee54efe3a86d6d69b","marcoantoniogonzalezmuelas@gmail.com","false"
"Bucle Temporal","Golpe mágico que se repite en dos rivales.","Golpe mágico a dos rivales escalado con su HE: de 25 (HE bajo) a 50 (HE alto).","true","damage_enemy","{""min"":25,""max"":50,""stat"":""he"",""targets"":2}","ret","implemented","6a8a377a8f23c2e72ebe7161","2026-08-22T23:57:46.102000","2026-08-22T23:57:46.102000","6a39c9aee54efe3a86d6d69b","marcoantoniogonzalezmuelas@gmail.com","false"
"Ráfaga del Seguidor","Con la ayuda de un dragoncito de peluche que ataca a todos los héroes del ejército con 10 de daño de fuego y desaparece","Dragoncito de peluche: 10 de daño DE FUEGO a todos los héroes rivales vivos. El elemento fuego activa el FX de bola de fuego + brasas en la batalla.","false","custom_steps","{""steps"":[{""action"":""damage"",""target"":""all_enemies"",""amount"":10,""pierce"":false,""element"":""fuego""}]}","motoma","implemented","6aa278425a3056ca0aeb396a","2026-09-10T09:28:34.347000","2026-09-10T10:27:18.606000","6a39c9aee54efe3a86d6d69b","marcoantoniogonzalezmuelas@gmail.com","false"
"Tormento Dragonil","Con la ayuda de un Dragón del lego que Ilumina el campo de batalla. Quita todas las armas de los héroes rivales y desaparece.","Dragón de lego de 3 cabezas: ILUMINA el campo de batalla con luz blanca-amarilla (1s) y quita TODAS las armas (cuerpo a cuerpo y a distancia) a UN héroe rival vivo ELEGIDO AL AZAR, enviándolas a su pila de descartes.","true","custom_steps","{""steps"":[{""action"":""fx"",""target"":""self"",""element"":""luz""},{""action"":""disarm"",""target"":""random_enemy""}]}","motoma","implemented","6aa2785b8f5d02af8838bd0d","2026-09-10T09:28:59.866000","2026-09-12T22:51:32.467000","6a39c9aee54efe3a86d6d69b","marcoantoniogonzalezmuelas@gmail.com","false"
"Picotazo","Pequeño ataque a distancia a un rival y el patito queda EN JUEGO como bloqueador mientras siga vivo.","Implementado en duckAbilityPatch.js: hace 2 de daño a distancia al objetivo elegido y marca _bfDuckBlock=true para activar el bloqueo pasivo (el motor desvía los golpes al patito mientras viva). El marcador pasivo 'Picotazo' se muestra en el retrato y en el panel de acciones.","false","summon_token","{""damage"":2,""damage_type"":""ranged"",""passive_flag"":""_bfDuckBlock"",""passive_label"":""Picotazo"",""block_allies"":true}","tk_patito_goma","implemented","6aa97ce0be4e1d4314d5d90d","2026-09-15T17:14:08.705000","2026-09-15T17:14:08.705000","6a39c9aee54efe3a86d6d69b","marcoantoniogonzalezmuelas@gmail.com","false"
"Oda a la Corteza","Lanza una corteza encantada a un rival: le inflige 8 de daño mágico y lo deja CONFUSO durante 2 turnos.","La habilidad inflige daño mágico directo y aplica el estado alterado confuso por dos turnos a un rival seleccionado.","false","custom_steps","{""amount"":8,""bonus"":0,""clan"":""none"",""all"":false,""targets"":1,""min"":8,""max"":8,""stat"":""ad"",""turns"":2,""steps"":[{""action"":""damage"",""target"":""enemy"",""amount"":8,""stat_mult"":0,""stat"":""ad"",""turns"":0,""pierce"":false,""element"":""magic""},{""action"":""confuse"",""target"":""enemy"",""amount"":1,""stat_mult"":0,""stat"":""none"",""turns"":2,""pierce"":false,""element"":""none""}]}","bagslord","implemented","6aac56247564a88e1086721d","2026-09-17T21:05:40.541000","2026-09-17T21:05:40.541000","6a39c9aee54efe3a86d6d69b","marcoantoniogonzalezmuelas@gmail.com","false"
"Soneto del Crujido Final","Recita un soneto devastador: inflige 12 de daño mágico a todos los rivales y los SILENCIA durante 1 turno.","Aplica 12 de daño mágico a todos los enemigos y les inflige silencio por un turno.","true","custom_steps","{""amount"":0,""bonus"":0,""clan"":""none"",""all"":true,""targets"":0,""min"":0,""max"":0,""stat"":""none"",""turns"":0,""steps"":[{""action"":""damage"",""target"":""all_enemies"",""amount"":12,""stat_mult"":0,""stat"":""none"",""turns"":0,""pierce"":false,""element"":""magic""},{""action"":""silence"",""target"":""all_enemies"",""amount"":0,""stat_mult"":0,""stat"":""none"",""turns"":1,""pierce"":false,""element"":""none""}]}","bagslord","implemented","6aac562d77583a8374149521","2026-09-17T21:05:49.945000","2026-09-17T21:05:49.945000","6a39c9aee54efe3a86d6d69b","marcoantoniogonzalezmuelas@gmail.com","false"
"Nerf Arco Y Flechas.","Ráfaga de flechas que golpean a un rival aleatorio según el AD de Llorilomo","Aplica daño basado en el AD de Llorilomo a un enemigo aleatorio.","false","custom_steps","{""amount"":0,""bonus"":0,""clan"":""none"",""all"":false,""targets"":1,""min"":0,""max"":0,""stat"":""ad"",""turns"":0,""steps"":[{""action"":""damage"",""target"":""random_enemy"",""amount"":0,""stat_mult"":1,""stat"":""ad"",""turns"":0,""pierce"":false,""element"":""physical""}]}","renhu","implemented","6aaceeb18518c07d86db4438","2026-09-18T07:56:33.319000","2026-09-18T07:56:33.319000","6a39c9aee54efe3a86d6d69b","marcoantoniogonzalezmuelas@gmail.com","false"
"Doble Ballesta","Dos Disparos de ballesta a un rival aleatorio cada uno genra daño po el AD de Llorilomo","La habilidad realiza dos instancias de daño físico independientes, cada una basada en el AD de Llorilomo contra un enemigo aleatorio.","true","custom_steps","{""amount"":0,""bonus"":0,""clan"":""none"",""all"":false,""targets"":2,""min"":0,""max"":0,""stat"":""ad"",""turns"":0,""steps"":[{""action"":""damage"",""target"":""random_enemy"",""amount"":1,""stat_mult"":1,""stat"":""ad"",""turns"":0,""pierce"":false,""element"":""physical""},{""action"":""damage"",""target"":""random_enemy"",""amount"":1,""stat_mult"":1,""stat"":""ad"",""turns"":0,""pierce"":false,""element"":""physical""}]}","renhu","implemented","6aacef224c41dc00522990cd","2026-09-18T07:58:26.878000","2026-09-18T07:58:26.878000","6a39c9aee54efe3a86d6d69b","marcoantoniogonzalezmuelas@gmail.com","false"
"Doble Ballesta","Dos Disparos de ballesta a un rival aleatorio cada uno genera daño po el AD de Llorilomo y paralizan al rival dos turnos","La habilidad realiza dos ataques independientes a enemigos aleatorios, aplicando parálisis de dos turnos en cada impacto basado en el AD de Llorilomo.","true","custom_steps","{""amount"":0,""bonus"":0,""clan"":""none"",""all"":false,""targets"":2,""min"":0,""max"":0,""stat"":""ad"",""turns"":2,""steps"":[{""action"":""damage"",""target"":""random_enemy"",""amount"":1,""stat_mult"":1,""stat"":""ad"",""turns"":0,""pierce"":false,""element"":""physical""},{""action"":""paralyze"",""target"":""random_enemy"",""amount"":1,""stat_mult"":0,""stat"":""none"",""turns"":2,""pierce"":false,""element"":""none""},{""action"":""damage"",""target"":""random_enemy"",""amount"":1,""stat_mult"":1,""stat"":""ad"",""turns"":0,""pierce"":false,""element"":""physical""},{""action"":""paralyze"",""target"":""random_enemy"",""amount"":1,""stat_mult"":0,""stat"":""none"",""turns"":2,""pierce"":false,""element"":""none""}]}","yoritom","implemented","6aacefc406167e70c14d9a94","2026-09-18T08:01:08.512000","2026-09-18T08:01:08.512000","6a39c9aee54efe3a86d6d69b","marcoantoniogonzalezmuelas@gmail.com","false"
"Nerf Arco Y Flechas","Ráfaga de flechas que golpean a un rival aleatorio y provocan daño según el AD de Llorilomo y paralizan al rival un turno","Aplica daño basado en el AD de Llorilomo a un enemigo aleatorio y lo paraliza por un turno.","false","custom_steps","{""amount"":0,""bonus"":0,""clan"":"""",""all"":false,""targets"":1,""min"":0,""max"":0,""stat"":""ad"",""turns"":1,""steps"":[{""action"":""damage"",""target"":""random_enemy"",""amount"":0,""stat_mult"":1,""stat"":""ad"",""turns"":0,""pierce"":false,""element"":""physical""},{""action"":""paralyze"",""target"":""random_enemy"",""amount"":1,""stat_mult"":0,""stat"":""none"",""turns"":1,""pierce"":false,""element"":""none""}]}","yoritom","implemented","6aacefdcded5b0f6a1c547b0","2026-09-18T08:01:32.892000","2026-09-18T08:01:32.892000","6a39c9aee54efe3a86d6d69b","marcoantoniogonzalezmuelas@gmail.com","false"
"Disoriented","El enemigo elegido pasa a estar Desorientado: Su próximo ataque podrá ir a cualquier objetivo, tanto héroes del rival, aliados suyos e incluso a sí mismo (Tira dado de 3 caras).","Implementación dedicada del motor: aplica Desorientado hasta el próximo ataque; un dado de 3 caras redirige ese ataque al rival elegido, a un aliado vivo o al propio atacante. No usa Confuso.","false","dedicated_disoriented","{""turns"":1,""faces"":3,""outcomes"":{""1"":""rival"",""2"":""living_ally"",""3"":""self""}}","monkgeta","implemented","6aad26c0c11a305361d37b92","2026-09-18T11:55:44.196000","2026-09-21T23:02:50.732000","6a39c9aee54efe3a86d6d69b","marcoantoniogonzalezmuelas@gmail.com","false"
"Tinta de Calamar","El héroe se hace invisible durante dos turnos: No puede ser atacado ni le afecta ningún estado negativo ni de daño, tanto de héroes como de hechizos /objetos.","Implementación dedicada del motor: Monkgeta no puede ser seleccionado por rivales y bloquea ataques, hechizos, objetos y estados negativos durante dos turnos completos.","true","dedicated_invisible","{""turns"":2,""untargetable"":true,""blocks_damage"":[""hero"",""spell"",""object""],""blocks_negative_status"":true}","monkgeta","implemented","6aad272c642756921aec558d","2026-09-18T11:57:32.440000","2026-09-21T23:02:50.806000","6a39c9aee54efe3a86d6d69b","marcoantoniogonzalezmuelas@gmail.com","false"
"Aura de Terror","Inflige 6 de daño directo a todos los enemigos y reduce sus atributos en 3 puntos durante 1 turno.","Aura de Terror aplica daño directo y reducción de atributos a todos los enemigos simultáneamente.","false","custom_steps","{""amount"":0,""bonus"":0,""clan"":""none"",""all"":true,""targets"":0,""min"":0,""max"":0,""stat"":""none"",""turns"":0,""steps"":[{""action"":""damage"",""target"":""all_enemies"",""amount"":6,""stat_mult"":0,""stat"":""none"",""turns"":0,""pierce"":false,""element"":""none""},{""action"":""debuff_all_stats"",""target"":""all_enemies"",""amount"":3,""stat_mult"":0,""stat"":""none"",""turns"":1,""pierce"":false,""element"":""none""}]}","Notos","implemented","6abe54054ac98caaa89de7a4","2026-10-01T12:37:25.055000","2026-10-01T12:37:25.055000","6a39c9aee54efe3a86d6d69b","marcoantoniogonzalezmuelas@gmail.com","false"
"Pesadilla Viviente","Inflige 9 de daño directo a todos los enemigos y reduce sus atributos en 5 puntos durante 2 turnos.","La habilidad inflige daño directo a todos los enemigos y aplica un debuff de reducción de atributos durante 2 turnos.","true","custom_steps","{""amount"":0,""bonus"":0,""clan"":""none"",""all"":true,""targets"":0,""min"":0,""max"":0,""stat"":""none"",""turns"":0,""steps"":[{""action"":""damage"",""target"":""all_enemies"",""amount"":9,""stat_mult"":0,""stat"":""ad"",""turns"":0,""pierce"":false,""element"":""none""},{""action"":""debuff_all_stats"",""target"":""all_enemies"",""amount"":5,""stat_mult"":0,""stat"":""all"",""turns"":2,""pierce"":false,""element"":""none""}]}","Notos","implemented","6abe5408017e6830b83f25c6","2026-10-01T12:37:28.356000","2026-10-01T12:37:28.356000","6a39c9aee54efe3a86d6d69b","marcoantoniogonzalezmuelas@gmail.com","false"